ip,count,avg_len
192.xxx.1.10,x,13.0
45.xx.12.3,2,xx.5
xx5.23.14.x,3,10.333333333333334
1x3.24.xx.x,3,3.6666666666666665
