ip,count,avg_len
192.168.1.10,2,13.0
45.90.12.3,2,11.5
185.23.14.9,3,10.333333333333334
103.24.55.4,3,3.6666666666666665
